Alternative,Topsis Score,Rank
6,0.6756504457917091,1.0
5,0.6620327020980238,2.0
3,0.533354192245809,3.0
2,0.5098461094174059,4.0
1,0.45420750489392203,5.0
0,0.3733257264460387,6.0
7,0.3719263262692696,7.0
4,0.3453569000470501,8.0
